name,product_id,price,brand,age,images,color,shoes sizes
Women's New Balance 720 Beige/White Shoe,130609ABIW0," R 1,199.95",New Balance,women,"[['https://image.tfgmedia.co.za/image/1/process/259x259?source=https://cdn.tfgmedia.co.za/13/ProductImages/59168303.jpg'], ['https://image.tfgmedia.co.za/image/1/process/259x259?source=https://cdn.tfgmedia.co.za/13/ProductImages/59168303_01.jpg']]",Beige,"['4', '5', '6', '7', '8', '9']"
Women's Superga Classics Canvas Black/White Shoe,130609ABIF4, R 799.95,Superga,women,"[['https://image.tfgmedia.co.za/image/1/process/259x259?source=https://cdn.tfgmedia.co.za/13/ProductImages/59119950.jpg'], ['https://image.tfgmedia.co.za/image/1/process/259x259?source=https://cdn.tfgmedia.co.za/13/ProductImages/59119950_01.jpg']]",Black/White,"['1', '1.5', '2', '2.5', '3', '3.5', '4', '4.5', '5', '5.5', '6', '6.5', '7', '7.5', '8', '8.5', '9', '9.5', '10', '10.5', '11', '11.5', '12', '12.5', '13', '14']"
Women's Nike Air Max Bolt Black/White Shoe,130609ABIG9," R 1,599.95",Nike,women,"[['https://image.tfgmedia.co.za/image/1/process/259x259?source=https://cdn.tfgmedia.co.za/13/ProductImages/59139905.jpg'], ['https://image.tfgmedia.co.za/image/1/process/259x259?source=https://cdn.tfgmedia.co.za/13/ProductImages/59139905_01.jpg']]",Black/White,"['1', '1.5', '2', '2.5', '3', '3.5', '4', '4.5', '5', '5.5', '6', '6.5', '7', '7.5', '8', '8.5', '9', '9.5', '10', '10.5', '11', '11.5', '12', '12.5', '13', '14']"
Women's Nike Court Vintage Black/White Shoe,130609ABEO7," R 1,099.95",Nike,women,"[['https://image.tfgmedia.co.za/image/1/process/259x259?source=https://cdn.tfgmedia.co.za/13/ProductImages/58945888.jpg'], ['https://image.tfgmedia.co.za/image/1/process/259x259?source=https://cdn.tfgmedia.co.za/13/ProductImages/58945888_01.jpg']]",Black/White,"['4', '5', '6', '7', '8']"
Women's Superga Classics Chunky Beige/White Shoe,130609ABIY6, R 999.95,Superga,women,"[['https://image.tfgmedia.co.za/image/1/process/259x259?source=https://cdn.tfgmedia.co.za/13/ProductImages/59175660.jpg'], []]",Beige,"['1', '1.5', '2', '2.5', '3', '3.5', '4', '4.5', '5', '5.5', '6', '6.5', '7', '7.5', '8', '8.5', '9', '9.5', '10', '10.5', '11', '11.5', '12', '12.5', '13', '14']"
Women's Puma Carina Meta20 Beige/Rose Gold Shoe,130609AAVF4," R 1,199.95",Puma,women,"[['https://image.tfgmedia.co.za/image/1/process/259x259?source=https://cdn.tfgmedia.co.za/13/ProductImages/57493580.jpg'], ['https://image.tfgmedia.co.za/image/1/process/259x259?source=https://cdn.tfgmedia.co.za/13/ProductImages/57493580_01.jpg']]",Beige,"['4', '5', '6', '7', '8']"
Women's Puma Bella SL Black Shoe,130609ABBJ3, R 999.95,Puma,women,"[['https://image.tfgmedia.co.za/image/1/process/259x259?source=https://cdn.tfgmedia.co.za/13/ProductImages/57635613.jpg'], ['https://image.tfgmedia.co.za/image/1/process/259x259?source=https://cdn.tfgmedia.co.za/13/ProductImages/57635613_01.jpg']]",Black,"['4', '5', '6', '7', '8']"
Women's Puma Skye Green/White Shoe,130609ABIJ8," R 1,199.95",Puma,women,"[['https://image.tfgmedia.co.za/image/1/process/259x259?source=https://cdn.tfgmedia.co.za/13/ProductImages/59145699.jpg'], []]",Green/White,"['1', '1.5', '2', '2.5', '3', '3.5', '4', '4.5', '5', '5.5', '6', '6.5', '7', '7.5', '8', '8.5', '9', '9.5', '10', '10.5', '11', '11.5', '12', '12.5', '13', '14']"
Women's Superga Classics Canvas Burgundy/White Shoe,130609ABCJ2, R 799.95,Superga,women,"[['https://image.tfgmedia.co.za/image/1/process/259x259?source=https://cdn.tfgmedia.co.za/13/ProductImages/57671885.jpg'], []]",Burgundy/White,"['3', '4', '5', '5.5', '6', '7', '8']"
Women's adidas Breaknet White/Champagne Shoe,130609ABBL3, R 999.95,Adidas,women,"[['https://image.tfgmedia.co.za/image/1/process/259x259?source=https://cdn.tfgmedia.co.za/13/ProductImages/57636519.jpg'], ['https://image.tfgmedia.co.za/image/1/process/259x259?source=https://cdn.tfgmedia.co.za/13/ProductImages/57636519_01.jpg']]",White/Gold,"['4', '5', '6', '7', '8']"
Women's Puma Carina Crew White/Pink Shoe,130609ABIF5," R 1,099.95",Puma,women,"[['https://image.tfgmedia.co.za/image/1/process/259x259?source=https://cdn.tfgmedia.co.za/13/ProductImages/59120105.jpg'], ['https://image.tfgmedia.co.za/image/1/process/259x259?source=https://cdn.tfgmedia.co.za/13/ProductImages/59120105_01.jpg']]",White/Pink,"['3', '4', '5', '6', '7', '8']"
Women's Le Coq Sportif Provencale II Low White/Pink Shoe,130609ABIE9," R 1,349.95",Le Coq Sportif,women,"[['https://image.tfgmedia.co.za/image/1/process/259x259?source=https://cdn.tfgmedia.co.za/13/ProductImages/59117381.jpg'], []]",White/Pink,"['3', '4', '5', '5.5', '6', '7', '8']"
Women's adidas Courtmaster White/Pink Shoe,130609ABBL1, R 999.95,Adidas,women,"[['https://image.tfgmedia.co.za/image/1/process/259x259?source=https://cdn.tfgmedia.co.za/13/ProductImages/57636515.jpg'], ['https://image.tfgmedia.co.za/image/1/process/259x259?source=https://cdn.tfgmedia.co.za/13/ProductImages/57636515_01.jpg']]",White/Pink,"['4', '5', '6', '7']"
Women's Puma X-Ray Lite White/Metallic Shoe,130609ABJD1," R 1,099.95",Puma,women,"[['https://image.tfgmedia.co.za/image/1/process/259x259?source=https://cdn.tfgmedia.co.za/13/ProductImages/59183705.jpg'], ['https://image.tfgmedia.co.za/image/1/process/259x259?source=https://cdn.tfgmedia.co.za/13/ProductImages/59183705_01.jpg']]",White/Silver,"['1', '1.5', '2', '2.5', '3', '3.5', '4', '4.5', '5', '5.5', '6', '6.5', '7', '7.5', '8', '8.5', '9', '9.5', '10', '10.5', '11', '11.5', '12', '12.5', '13', '14']"
Women's Nike Court Vision Low Canvas Beige/Cork Shoe,130609ABAL5," R 1,199.95",Nike,women,"[['https://image.tfgmedia.co.za/image/1/process/259x259?source=https://cdn.tfgmedia.co.za/13/ProductImages/57613872.jpg'], ['https://image.tfgmedia.co.za/image/1/process/259x259?source=https://cdn.tfgmedia.co.za/13/ProductImages/57613872_01.jpg']]",Beige,"['4', '5', '6', '7', '8']"
Women's Puma Vikky v2 Burgundy/White Shoe,130609ABBJ1, R 669.95,Puma,women,"[['https://image.tfgmedia.co.za/image/1/process/259x259?source=https://cdn.tfgmedia.co.za/13/ProductImages/57635592.jpg'], []]",Burgundy/White,"['4', '5', '6', '7', '8']"
Women's New Balance 500 Black/White Shoe,130609ABIV6, R 999.95,New Balance,women,"[['https://image.tfgmedia.co.za/image/1/process/259x259?source=https://cdn.tfgmedia.co.za/13/ProductImages/59168299.jpg'], ['https://image.tfgmedia.co.za/image/1/process/259x259?source=https://cdn.tfgmedia.co.za/13/ProductImages/59168299_01.jpg']]",Black/White,"['4', '5', '6', '7', '8', '9']"
Women's New Balance 500 Black/Silver Shoe,130609ABIW1, R 999.95,New Balance,women,"[['https://image.tfgmedia.co.za/image/1/process/259x259?source=https://cdn.tfgmedia.co.za/13/ProductImages/59168400.jpg'], ['https://image.tfgmedia.co.za/image/1/process/259x259?source=https://cdn.tfgmedia.co.za/13/ProductImages/59168400_01.jpg']]",Black/Silver,"['4', '5', '6', '7', '8', '9']"
Women's Nike Court Vision Mid White Shoe,130609ABIV2," R 1,299.95",Nike,women,"[['https://image.tfgmedia.co.za/image/1/process/259x259?source=https://cdn.tfgmedia.co.za/13/ProductImages/59164937.jpg'], ['https://image.tfgmedia.co.za/image/1/process/259x259?source=https://cdn.tfgmedia.co.za/13/ProductImages/59164937_01.jpg']]",White,"['1', '1.5', '2', '2.5', '3', '3.5', '4', '4.5', '5', '5.5', '6', '6.5', '7', '7.5', '8', '8.5', '9', '9.5', '10', '10.5', '11', '11.5', '12', '12.5', '13', '14']"
Women's Nike Court Royale 2 Mid White Shoe,130609AAWD2," R 1,199.95",Nike,women,"[['https://image.tfgmedia.co.za/image/1/process/259x259?source=https://cdn.tfgmedia.co.za/13/ProductImages/57535039.jpg'], ['https://image.tfgmedia.co.za/image/1/process/259x259?source=https://cdn.tfgmedia.co.za/13/ProductImages/57535039_01.jpg']]",White,"['4', '5', '6', '7', '8']"
Women's New Balance 237 Pink/Silver Shoe,130609ABIV5," R 1,299.95",New Balance,women,"[['https://image.tfgmedia.co.za/image/1/process/259x259?source=https://cdn.tfgmedia.co.za/13/ProductImages/59168298.jpg'], ['https://image.tfgmedia.co.za/image/1/process/259x259?source=https://cdn.tfgmedia.co.za/13/ProductImages/59168298_01.jpg']]",Pink/Silver,"['4', '5', '6', '7', '8', '9']"
Women's Superga Classics Canvas Light Green Shoe,130609ABFD8, R 799.95,Superga,women,"[['https://image.tfgmedia.co.za/image/1/process/259x259?source=https://cdn.tfgmedia.co.za/13/ProductImages/58976690.jpg'], ['https://image.tfgmedia.co.za/image/1/process/259x259?source=https://cdn.tfgmedia.co.za/13/ProductImages/58976690_01.jpg']]",Green/White,"['3', '4', '5', '6', '7', '8']"
Women's Puma Carina Crew White/Pink Shoe,130609ABDO2," R 1,099.95",Puma,women,"[['https://image.tfgmedia.co.za/image/1/process/259x259?source=https://cdn.tfgmedia.co.za/13/ProductImages/57744811.jpg'], ['https://image.tfgmedia.co.za/image/1/process/259x259?source=https://cdn.tfgmedia.co.za/13/ProductImages/57744811_01.jpg']]",White/Pink,"['4', '5', '6', '7', '8']"
Women's Puma Skye Whisper Beige/Pink Shoe,130609ABGP1," R 1,199.95",Puma,women,"[['https://image.tfgmedia.co.za/image/1/process/259x259?source=https://cdn.tfgmedia.co.za/13/ProductImages/59040979.jpg'], ['https://image.tfgmedia.co.za/image/1/process/259x259?source=https://cdn.tfgmedia.co.za/13/ProductImages/59040979_01.jpg']]",Beige,"['3', '4', '5', '6', '7', '8']"
Women's Superga Classics Canvas Rose Mahogany Shoe,130609AADG5, R 799.95,Superga,women,"[['https://image.tfgmedia.co.za/image/1/process/259x259?source=https://cdn.tfgmedia.co.za/13/ProductImages/56630408.jpg'], []]",Rose,"['4', '5', '5-', '6', '7', '8']"
Women's Nike Court Royale 2 Mauve/Pink Shoe,130609AAYE4, R 729.95,Nike,women,"[['https://image.tfgmedia.co.za/image/1/process/259x259?source=https://cdn.tfgmedia.co.za/13/ProductImages/57574054.jpg'], ['https://image.tfgmedia.co.za/image/1/process/259x259?source=https://cdn.tfgmedia.co.za/13/ProductImages/57574054_01.jpg']]",Pink/White,"['4', '5', '6', '7', '8']"
Women's Puma Carina Mid White Shoe,130609ABFC2," R 1,199.95",Puma,women,"[['https://image.tfgmedia.co.za/image/1/process/259x259?source=https://cdn.tfgmedia.co.za/13/ProductImages/58973287.jpg'], ['https://image.tfgmedia.co.za/image/1/process/259x259?source=https://cdn.tfgmedia.co.za/13/ProductImages/58973287_01.jpg']]",White,"['4', '5', '6', '7', '8']"
Women's Vans Doheny Animal/White Shoe,130609ABCJ5, R 499.95,Vans,women,"[['https://image.tfgmedia.co.za/image/1/process/259x259?source=https://cdn.tfgmedia.co.za/13/ProductImages/57671942.jpg'], []]",Prints,"['4', '5', '6', '7', '8']"
Women's adidas Retrorun Animal Print/Black Shoe,130609ABBL2," R 1,199.95",Adidas,women,"[['https://image.tfgmedia.co.za/image/1/process/259x259?source=https://cdn.tfgmedia.co.za/13/ProductImages/57636514.jpg'], ['https://image.tfgmedia.co.za/image/1/process/259x259?source=https://cdn.tfgmedia.co.za/13/ProductImages/57636514_01.jpg']]",Prints,"['4', '5', '6', '7', '8']"
Women's Superga Classics Canvas Pink/white Shoe,130609AAJS0, R 799.95,Superga,women,"[['https://image.tfgmedia.co.za/image/1/process/259x259?source=https://cdn.tfgmedia.co.za/13/ProductImages/57167076.jpg'], ['https://image.tfgmedia.co.za/image/1/process/259x259?source=https://cdn.tfgmedia.co.za/13/ProductImages/57167076_01.jpg']]",Pink/White,"['4', '5', '5-', '6', '7', '8']"
Women's Le Coq Sportif Provencale II Low Black/Rose Gold Shoe,130609AAUX3, R 929.95,Le Coq Sportif,women,"[['https://image.tfgmedia.co.za/image/1/process/259x259?source=https://cdn.tfgmedia.co.za/13/ProductImages/57491194.jpg'], []]",Black/Gold,"['4', '5', '6', '7']"
Women's Reebok Royale Complete Clean 2.0 White Shoe,130609ABIU7, R 699.95,Reebok,women,"[['https://image.tfgmedia.co.za/image/1/process/259x259?source=https://cdn.tfgmedia.co.za/13/ProductImages/59163188.jpg'], ['https://image.tfgmedia.co.za/image/1/process/259x259?source=https://cdn.tfgmedia.co.za/13/ProductImages/59163188_01.jpg']]",White,"['4', '5', '6', '7', '8', '9']"
Women's New Balance 237 Beige/Silver Shoe,130609ABIV8," R 1,299.95",New Balance,women,"[['https://image.tfgmedia.co.za/image/1/process/259x259?source=https://cdn.tfgmedia.co.za/13/ProductImages/59168301.jpg'], ['https://image.tfgmedia.co.za/image/1/process/259x259?source=https://cdn.tfgmedia.co.za/13/ProductImages/59168301_01.jpg']]",Beige,"['4', '5', '6', '7', '8', '9']"
Women's Nike Court Legacy Black/White Shoe,130609ABES3," R 1,199.95",Nike,women,"[['https://image.tfgmedia.co.za/image/1/process/259x259?source=https://cdn.tfgmedia.co.za/13/ProductImages/58952182.jpg'], ['https://image.tfgmedia.co.za/image/1/process/259x259?source=https://cdn.tfgmedia.co.za/13/ProductImages/58952182_01.jpg']]",Black/White,"['4.5', '5.5', '6', '6.5', '7']"
Women's Puma X-Ray Pink/Black Shoe,130609ABBJ5," R 1,299.95",Puma,women,"[['https://image.tfgmedia.co.za/image/1/process/259x259?source=https://cdn.tfgmedia.co.za/13/ProductImages/57635744.jpg'], ['https://image.tfgmedia.co.za/image/1/process/259x259?source=https://cdn.tfgmedia.co.za/13/ProductImages/57635744_01.jpg']]",Pink/Black,"['4', '5', '6', '7', '8']"
Women's Nike Court Vision White/White Shoe,130609AAZL5," R 1,199.95",Nike,women,"[['https://image.tfgmedia.co.za/image/1/process/259x259?source=https://cdn.tfgmedia.co.za/13/ProductImages/57600097.jpg'], ['https://image.tfgmedia.co.za/image/1/process/259x259?source=https://cdn.tfgmedia.co.za/13/ProductImages/57600097_01.jpg']]",White,"['6.5', '7', '7.5', '8.5']"
Women's Nike Air Max Bolt Black/White Shoe,130609AAWE3," R 1,599.95",Nike,women,"[['https://image.tfgmedia.co.za/image/1/process/259x259?source=https://cdn.tfgmedia.co.za/13/ProductImages/57537776.jpg'], ['https://image.tfgmedia.co.za/image/1/process/259x259?source=https://cdn.tfgmedia.co.za/13/ProductImages/57537776_01.jpg']]",Black/White,"['4', '5', '6', '7', '8']"
Women's Le Coq Sportif Provencale II Low Beige/Gold Shoe,130609AAQL6, R 929.95,Le Coq Sportif,women,"[['https://image.tfgmedia.co.za/image/1/process/259x259?source=https://cdn.tfgmedia.co.za/13/ProductImages/57336150.jpg'], []]",Beige,"['3', '4', '5', '6', '7']"
Women's Nike Court Royale 2 Black/White Shoe,130609AAUV4, R 729.95,Nike,women,"[['https://image.tfgmedia.co.za/image/1/process/259x259?source=https://cdn.tfgmedia.co.za/13/ProductImages/57489870.jpg'], ['https://image.tfgmedia.co.za/image/1/process/259x259?source=https://cdn.tfgmedia.co.za/13/ProductImages/57489870_01.jpg']]",Black/White,"['4', '5', '6', '7', '8']"
Women's Puma Shuffle Elderberry/Silver Shoe,130609ABBJ0, R 899.95,Puma,women,"[['https://image.tfgmedia.co.za/image/1/process/259x259?source=https://cdn.tfgmedia.co.za/13/ProductImages/57635593.jpg'], ['https://image.tfgmedia.co.za/image/1/process/259x259?source=https://cdn.tfgmedia.co.za/13/ProductImages/57635593_01.jpg']]",Pink/Silver,"['4', '5', '6', '7', '8']"
Women's Le Coq Sportif Quartz PU Black/Rose Gold Shoe,130609AAXU0," R 1,399.95",Le Coq Sportif,women,"[['https://image.tfgmedia.co.za/image/1/process/259x259?source=https://cdn.tfgmedia.co.za/13/ProductImages/57568784.jpg'], ['https://image.tfgmedia.co.za/image/1/process/259x259?source=https://cdn.tfgmedia.co.za/13/ProductImages/57568784_01.jpg']]",Black/Gold,"['3', '4', '5', '6', '7', '8']"
Women's adidas RetroRun Charcoal/Pink Shoe,130609ABBL5," R 1,199.95",Adidas,women,"[['https://image.tfgmedia.co.za/image/1/process/259x259?source=https://cdn.tfgmedia.co.za/13/ProductImages/57636518.jpg'], ['https://image.tfgmedia.co.za/image/1/process/259x259?source=https://cdn.tfgmedia.co.za/13/ProductImages/57636518_01.jpg']]",Charcoal,"['4', '5', '6', '7', '8']"
Women's Nike Court Legacy White/Silver Shoe,130609ABAL9," R 1,199.95",Nike,women,"[['https://image.tfgmedia.co.za/image/1/process/259x259?source=https://cdn.tfgmedia.co.za/13/ProductImages/57613946.jpg'], ['https://image.tfgmedia.co.za/image/1/process/259x259?source=https://cdn.tfgmedia.co.za/13/ProductImages/57613946_01.jpg']]",White/Silver,"['4', '5', '6', '7', '8', '9']"
Women's New Balance 373 Grey/Beige Shoe,130609ABIV9," R 1,199.95",New Balance,women,"[['https://image.tfgmedia.co.za/image/1/process/259x259?source=https://cdn.tfgmedia.co.za/13/ProductImages/59168300.jpg'], ['https://image.tfgmedia.co.za/image/1/process/259x259?source=https://cdn.tfgmedia.co.za/13/ProductImages/59168300_01.jpg']]",Grey,"['4', '5', '6', '7', '8', '9']"
Women's Nike Court Legacy White/Black Shoe,130609AAXH8," R 1,199.95",Nike,women,"[['https://image.tfgmedia.co.za/image/1/process/259x259?source=https://cdn.tfgmedia.co.za/13/ProductImages/57555128.jpg'], ['https://image.tfgmedia.co.za/image/1/process/259x259?source=https://cdn.tfgmedia.co.za/13/ProductImages/57555128_01.jpg']]",White/Black,"['4', '5', '6', '7', '8']"
Women's Nike Court Vision White Shoe,130609AAJU9," R 1,199.95",Nike,women,"[['https://image.tfgmedia.co.za/image/1/process/259x259?source=https://cdn.tfgmedia.co.za/13/ProductImages/57168593.jpg'], ['https://image.tfgmedia.co.za/image/1/process/259x259?source=https://cdn.tfgmedia.co.za/13/ProductImages/57168593_01.jpg']]",White,"['4', '5', '6', '7', '8']"
Women's New Balance 720 Charcoal/White Shoe,130609ABIV7," R 1,199.95",New Balance,women,"[['https://image.tfgmedia.co.za/image/1/process/259x259?source=https://cdn.tfgmedia.co.za/13/ProductImages/59168302.jpg'], ['https://image.tfgmedia.co.za/image/1/process/259x259?source=https://cdn.tfgmedia.co.za/13/ProductImages/59168302_01.jpg']]",Charcoal,"['4', '5', '6', '7', '8', '9']"
Women's adidas Hoops 2.0 White Shoe,130609ABGS7," R 1,099.95",Adidas,women,"[['https://image.tfgmedia.co.za/image/1/process/259x259?source=https://cdn.tfgmedia.co.za/13/ProductImages/59051569.jpg'], ['https://image.tfgmedia.co.za/image/1/process/259x259?source=https://cdn.tfgmedia.co.za/13/ProductImages/59051569_01.jpg']]",White,"['4', '5', '6', '7', '8', '9']"
Women's Puma Vikky v2 Sage/White Shoe,130609ABES4, R 669.95,Puma,women,"[['https://image.tfgmedia.co.za/image/1/process/259x259?source=https://cdn.tfgmedia.co.za/13/ProductImages/58952261.jpg'], ['https://image.tfgmedia.co.za/image/1/process/259x259?source=https://cdn.tfgmedia.co.za/13/ProductImages/58952261_01.jpg']]",Sage,"['4', '5', '6', '7', '8']"
Women's Puma Skye Clean Platform Beige/Pink Shoe,130609ABBJ4, R 999.95,Puma,women,"[['https://image.tfgmedia.co.za/image/1/process/259x259?source=https://cdn.tfgmedia.co.za/13/ProductImages/57635731.jpg'], ['https://image.tfgmedia.co.za/image/1/process/259x259?source=https://cdn.tfgmedia.co.za/13/ProductImages/57635731_01.jpg']]",Beige,"['4', '5', '6', '7', '8']"
Women's Nike Wearallday Beige/Cork Shoe,130609ABAL6," R 1,199.95",Nike,women,"[['https://image.tfgmedia.co.za/image/1/process/259x259?source=https://cdn.tfgmedia.co.za/13/ProductImages/57613875.jpg'], ['https://image.tfgmedia.co.za/image/1/process/259x259?source=https://cdn.tfgmedia.co.za/13/ProductImages/57613875_01.jpg']]",Beige,"['4', '5', '6', '7', '8']"
Women's Puma Skye White/Pink Shoe,130609ABGO1," R 1,199.95",Puma,women,"[['https://image.tfgmedia.co.za/image/1/process/259x259?source=https://cdn.tfgmedia.co.za/13/ProductImages/59040702.jpg'], ['https://image.tfgmedia.co.za/image/1/process/259x259?source=https://cdn.tfgmedia.co.za/13/ProductImages/59040702_01.jpg']]",White/Pink,"['4', '5', '6', '7', '8', '9']"
Women's Puma Skye Dot CV Grey/White Shoe,130609ABFC1," R 1,199.95",Puma,women,"[['https://image.tfgmedia.co.za/image/1/process/259x259?source=https://cdn.tfgmedia.co.za/13/ProductImages/58973288.jpg'], ['https://image.tfgmedia.co.za/image/1/process/259x259?source=https://cdn.tfgmedia.co.za/13/ProductImages/58973288_01.jpg']]",Grey/White,"['3', '4', '5', '6', '7', '8']"
Women's adidas CourtPoint base White/Leopard Shoe,130609ABBL4, R 899.95,Adidas,women,"[['https://image.tfgmedia.co.za/image/1/process/259x259?source=https://cdn.tfgmedia.co.za/13/ProductImages/57636517.jpg'], ['https://image.tfgmedia.co.za/image/1/process/259x259?source=https://cdn.tfgmedia.co.za/13/ProductImages/57636517_01.jpg']]",White,"['4', '5', '6', '7', '8']"
Women's adidas Breaknet Plus White/Champagne Shoe,130609ABBL6," R 1,199.95",Adidas,women,"[['https://image.tfgmedia.co.za/image/1/process/259x259?source=https://cdn.tfgmedia.co.za/13/ProductImages/57636516.jpg'], ['https://image.tfgmedia.co.za/image/1/process/259x259?source=https://cdn.tfgmedia.co.za/13/ProductImages/57636516_01.jpg']]",White/Gold,"['4', '5', '6', '7', '8']"
Women's Superga Classics Canvas Light Yellow Shoe,130609ABFD7, R 639.95,Superga,women,"[['https://image.tfgmedia.co.za/image/1/process/259x259?source=https://cdn.tfgmedia.co.za/13/ProductImages/58976663.jpg'], ['https://image.tfgmedia.co.za/image/1/process/259x259?source=https://cdn.tfgmedia.co.za/13/ProductImages/58976663_01.jpg']]",Yellow,"['3', '4', '5', '6', '7', '8']"
Women's Le Coq Sportif Provencale II Low Black/Rose Gold Shoe,130609ABBM1," R 1,349.95",Le Coq Sportif,women,"[['https://image.tfgmedia.co.za/image/1/process/259x259?source=https://cdn.tfgmedia.co.za/13/ProductImages/57636774.jpg'], []]",Black/Gold,"['3', '4', '5', '6', '7']"
Women's Puma Shuffle White/Pink/Gold Shoe,130609ABBJ2, R 899.95,Puma,women,"[['https://image.tfgmedia.co.za/image/1/process/259x259?source=https://cdn.tfgmedia.co.za/13/ProductImages/57635606.jpg'], ['https://image.tfgmedia.co.za/image/1/process/259x259?source=https://cdn.tfgmedia.co.za/13/ProductImages/57635606_01.jpg']]",White/Pink,"['4', '5', '6', '7', '8']"
Women's Nike Air Max SC White/Pink Shoe,130609ABAL8," R 1,099.95",Nike,women,"[['https://image.tfgmedia.co.za/image/1/process/259x259?source=https://cdn.tfgmedia.co.za/13/ProductImages/57613874.jpg'], ['https://image.tfgmedia.co.za/image/1/process/259x259?source=https://cdn.tfgmedia.co.za/13/ProductImages/57613874_01.jpg']]",White/Pink,"['4', '5', '6', '7', '8']"
Women's Superga Classics Canvas White Shoe,130609AAJB8, R 799.95,Superga,women,"[['https://image.tfgmedia.co.za/image/1/process/259x259?source=https://cdn.tfgmedia.co.za/13/ProductImages/57156947.jpg'], ['https://image.tfgmedia.co.za/image/1/process/259x259?source=https://cdn.tfgmedia.co.za/13/ProductImages/57156947_01.jpg']]",White,"['3', '4', '5', '5-', '6', '7', '8']"
Women's Superga Classics Canvas Grey/White Shoe,130609AADG2, R 799.95,Superga,women,"[['https://image.tfgmedia.co.za/image/1/process/259x259?source=https://cdn.tfgmedia.co.za/13/ProductImages/56630405.jpg'], ['https://image.tfgmedia.co.za/image/1/process/259x259?source=https://cdn.tfgmedia.co.za/13/ProductImages/56630405_01.jpg']]",Grey/White,"['3', '4', '5', '5-', '6', '7', '8']"
Women's Nike Air Max SC Black/White Shoe,130609ABAL4," R 1,399.95",Nike,women,"[['https://image.tfgmedia.co.za/image/1/process/259x259?source=https://cdn.tfgmedia.co.za/13/ProductImages/57613871.jpg'], ['https://image.tfgmedia.co.za/image/1/process/259x259?source=https://cdn.tfgmedia.co.za/13/ProductImages/57613871_01.jpg']]",Black/White,"['4', '5', '6', '7', '8']"
Women's Vans Doheny Black Shoe,130609AAON6, R 749.95,Vans,women,"[['https://image.tfgmedia.co.za/image/1/process/259x259?source=https://cdn.tfgmedia.co.za/13/ProductImages/57285755.jpg'], []]",Black,"['4', '5', '6', '7', '8']"
Women's Superga Classics Canvas Navy/White Shoe,130609AAZR1, R 799.95,Superga,women,"[['https://image.tfgmedia.co.za/image/1/process/259x259?source=https://cdn.tfgmedia.co.za/13/ProductImages/57605409.jpg'], []]",Navy/White,"['3', '4', '5', '5.5', '6', '7', '8']"
Women's Puma Up Grey/Silver Shoe,130609ABBI9, R 899.95,Puma,women,"[['https://image.tfgmedia.co.za/image/1/process/259x259?source=https://cdn.tfgmedia.co.za/13/ProductImages/57635585.jpg'], []]",Grey/Silver,"['4', '5', '6', '7', '8']"
Women's Le Coq Sportif Provencale II Low Pink Mono Shoe,130609AAUX2," R 1,349.95",Le Coq Sportif,women,"[['https://image.tfgmedia.co.za/image/1/process/259x259?source=https://cdn.tfgmedia.co.za/13/ProductImages/57491160.jpg'], ['https://image.tfgmedia.co.za/image/1/process/259x259?source=https://cdn.tfgmedia.co.za/13/ProductImages/57491160_01.jpg']]",Pink,"['4', '5', '6', '7']"
Women's Superga Classics Canvas Black Shoe,130609AAFS0, R 799.95,Superga,women,"[['https://image.tfgmedia.co.za/image/1/process/259x259?source=https://cdn.tfgmedia.co.za/13/ProductImages/57089358.jpg'], ['https://image.tfgmedia.co.za/image/1/process/259x259?source=https://cdn.tfgmedia.co.za/13/ProductImages/57089358_01.jpg']]",Black,"['3', '4', '5', '5-', '6', '7', '8']"
Women's Le Coq Sportif Provencale II Lo Pink/White Shoe,130609ABBM0," R 1,349.95",Le Coq Sportif,women,"[['https://image.tfgmedia.co.za/image/1/process/259x259?source=https://cdn.tfgmedia.co.za/13/ProductImages/57636773.jpg'], []]",Pink/White,"['3', '4', '5', '6', '7']"
Women's Puma Smash v2 Black/White Shoe,130609ABGO0, R 899.95,Puma,women,"[['https://image.tfgmedia.co.za/image/1/process/259x259?source=https://cdn.tfgmedia.co.za/13/ProductImages/59040704.jpg'], ['https://image.tfgmedia.co.za/image/1/process/259x259?source=https://cdn.tfgmedia.co.za/13/ProductImages/59040704_01.jpg']]",Black/White,"['4', '5', '6', '7', '8']"
Women's Nike Court Vision Mid White Shoe,130609AAJU3," R 1,299.95",Nike,women,"[['https://image.tfgmedia.co.za/image/1/process/259x259?source=https://cdn.tfgmedia.co.za/13/ProductImages/57168589.jpg'], ['https://image.tfgmedia.co.za/image/1/process/259x259?source=https://cdn.tfgmedia.co.za/13/ProductImages/57168589_01.jpg']]",White,"['4', '5', '6', '7', '8']"
Women's Puma Smash v2 Buck Black/Pink Shoe,130609AAHJ6, R 899.95,Puma,women,"[['https://image.tfgmedia.co.za/image/1/process/259x259?source=https://cdn.tfgmedia.co.za/13/ProductImages/57130686.jpg'], ['https://image.tfgmedia.co.za/image/1/process/259x259?source=https://cdn.tfgmedia.co.za/13/ProductImages/57130686_01.jpg']]",Black/Pink,"['4', '5', '6', '7', '8']"
Women's Nike Wearallday Grey/Pink Shoe,130609ABAL7," R 1,199.95",Nike,women,"[['https://image.tfgmedia.co.za/image/1/process/259x259?source=https://cdn.tfgmedia.co.za/13/ProductImages/57613873.jpg'], ['https://image.tfgmedia.co.za/image/1/process/259x259?source=https://cdn.tfgmedia.co.za/13/ProductImages/57613873_01.jpg']]",Grey/Pink,"['4', '5', '6', '7', '8']"
Women's adidas Courtpoint X Black/White Shoe,130609AASK5, R 899.95,Adidas,women,"[['https://image.tfgmedia.co.za/image/1/process/259x259?source=https://cdn.tfgmedia.co.za/13/ProductImages/57449526.jpg'], ['https://image.tfgmedia.co.za/image/1/process/259x259?source=https://cdn.tfgmedia.co.za/13/ProductImages/57449526_01.jpg']]",Black/White,"['4', '5', '6', '7', '8']"
name,product_id,price,brand,age,images,color,shoes sizes
Men's Nike Court Royale 2 Low Black/White Shoe,130609ABIW8, R 899.95,Nike,men,"[['https://image.tfgmedia.co.za/image/1/process/259x259?source=https://cdn.tfgmedia.co.za/13/ProductImages/59168878.jpg'], ['https://image.tfgmedia.co.za/image/1/process/259x259?source=https://cdn.tfgmedia.co.za/13/ProductImages/59168878_01.jpg']]",Black/White,"['6', '7', '8', '9', '10', '11', '12', '13']"
Men's Nike Air Max Bolt White Shoe,130609ABII5," R 1,599.95",Nike,men,"[['https://image.tfgmedia.co.za/image/1/process/259x259?source=https://cdn.tfgmedia.co.za/13/ProductImages/59142295.jpg'], ['https://image.tfgmedia.co.za/image/1/process/259x259?source=https://cdn.tfgmedia.co.za/13/ProductImages/59142295_01.jpg']]",White,"['6', '6.5', '7', '7.5', '8', '8.5', '9', '9.5', '10', '10.5', '11', '11.5', '12', '12.5', '13', '13.5', '14', '14.5']"
Men's Reebok Royal Glide White/Red/Navy Shoe,130609ABHS8," R 1,099.95",Reebok,men,"[['https://image.tfgmedia.co.za/image/1/process/259x259?source=https://cdn.tfgmedia.co.za/13/ProductImages/59092125.jpg'], ['https://image.tfgmedia.co.za/image/1/process/259x259?source=https://cdn.tfgmedia.co.za/13/ProductImages/59092125_01.jpg']]",White/Red,"['6', '7', '8', '9', '10', '11', '12', '13']"
Men's Vans Doheny Decon Leather Black Shoe,130609ABHU4, R 999.95,Vans,men,"[['https://image.tfgmedia.co.za/image/1/process/259x259?source=https://cdn.tfgmedia.co.za/13/ProductImages/59092840.jpg'], ['https://image.tfgmedia.co.za/image/1/process/259x259?source=https://cdn.tfgmedia.co.za/13/ProductImages/59092840_01.jpg']]",Black,"['6', '7', '8', '9', '10', '11', '12', '13']"
Men's Puma R78 Black/White/Red Shoe,130609ABFZ8," R 1,099.95",Puma,men,"[['https://image.tfgmedia.co.za/image/1/process/259x259?source=https://cdn.tfgmedia.co.za/13/ProductImages/59016981.jpg'], ['https://image.tfgmedia.co.za/image/1/process/259x259?source=https://cdn.tfgmedia.co.za/13/ProductImages/59016981_01.jpg']]",Black/White,"['6', '7', '8', '9', '10', '11', '12', '13']"
Men's Nike Crater Remixa Grey/Lt Blue Shoe,130609ABDE8," R 1,399.95",Nike,men,"[['https://image.tfgmedia.co.za/image/1/process/259x259?source=https://cdn.tfgmedia.co.za/13/ProductImages/57716487.jpg'], ['https://image.tfgmedia.co.za/image/1/process/259x259?source=https://cdn.tfgmedia.co.za/13/ProductImages/57716487_01.jpg']]",Grey/Blue,"['6', '7', '8', '9', '10', '11', '12', '13']"
Men's Le Coq Sportif Quartz Navy/White/Gum Shoe,130609ABFJ9," R 1,399.95",Le Coq Sportif,men,"[['https://image.tfgmedia.co.za/image/1/process/259x259?source=https://cdn.tfgmedia.co.za/13/ProductImages/58993471.jpg'], []]",Navy/White,"['6', '7', '8', '9', '10', '11', '12', '13']"
Men's Puma Turino White/Black Shoe,130609ABGA7, R 899.95,Puma,men,"[['https://image.tfgmedia.co.za/image/1/process/259x259?source=https://cdn.tfgmedia.co.za/13/ProductImages/59017070.jpg'], ['https://image.tfgmedia.co.za/image/1/process/259x259?source=https://cdn.tfgmedia.co.za/13/ProductImages/59017070_01.jpg']]",White/Black,"['6', '7', '8', '9', '10', '11', '12', '13']"
Men's New Balance 237 Black/White Shoe,130609ABIS5," R 1,299.95",New Balance,men,"[['https://image.tfgmedia.co.za/image/1/process/259x259?source=https://cdn.tfgmedia.co.za/13/ProductImages/59162438.jpg'], ['https://image.tfgmedia.co.za/image/1/process/259x259?source=https://cdn.tfgmedia.co.za/13/ProductImages/59162438_01.jpg']]",Black/White,"['6', '6.5', '7', '7.5', '8', '8.5', '9', '9.5', '10', '10.5', '11', '11.5', '12', '12.5', '13', '13.5', '14', '14.5']"
Men's Puma Smash Buck V2 Olive/White Shoe,130609ABBD2, R 899.95,Puma,men,"[['https://image.tfgmedia.co.za/image/1/process/259x259?source=https://cdn.tfgmedia.co.za/13/ProductImages/57631845.jpg'], ['https://image.tfgmedia.co.za/image/1/process/259x259?source=https://cdn.tfgmedia.co.za/13/ProductImages/57631845_01.jpg']]",Olive Green,"['6', '7', '8', '9', '10', '11', '12', '13']"
Men's Superga Classic Canvas Low Black/White Shoe,130609ABIL9, R 799.95,Superga,men,"[['https://image.tfgmedia.co.za/image/1/process/259x259?source=https://cdn.tfgmedia.co.za/13/ProductImages/59146264.jpg'], []]",Black/White,"['6', '7', '8', '9', '10', '11', '12', '13']"
Men's Superga Classic Canvas Low Navy Shoe,130609ABHU1, R 799.95,Superga,men,"[['https://image.tfgmedia.co.za/image/1/process/259x259?source=https://cdn.tfgmedia.co.za/13/ProductImages/59092406.jpg'], ['https://image.tfgmedia.co.za/image/1/process/259x259?source=https://cdn.tfgmedia.co.za/13/ProductImages/59092406_01.jpg']]",Navy,"['6', '7', '8', '9', '10', '11', '12', '13']"
Men's Superga Classic Canvas Low Dark Grey Shoe,130609ABIM0, R 799.95,Superga,men,"[['https://image.tfgmedia.co.za/image/1/process/259x259?source=https://cdn.tfgmedia.co.za/13/ProductImages/59146263.jpg'], []]",Grey,"['6', '7', '8', '9', '10', '11', '12', '13']"
Men's Superga Classic Canvas Low Burgundy Shoe,130609ABHU2, R 799.95,Superga,men,"[['https://image.tfgmedia.co.za/image/1/process/259x259?source=https://cdn.tfgmedia.co.za/13/ProductImages/59092415.jpg'], ['https://image.tfgmedia.co.za/image/1/process/259x259?source=https://cdn.tfgmedia.co.za/13/ProductImages/59092415_01.jpg']]",Burgundy,"['6', '7', '8', '9', '10', '11', '12', '13']"
Men's Superga Classic Canvas Low Black Shoe,130609ABHT4, R 799.95,Superga,men,"[['https://image.tfgmedia.co.za/image/1/process/259x259?source=https://cdn.tfgmedia.co.za/13/ProductImages/59092296.jpg'], ['https://image.tfgmedia.co.za/image/1/process/259x259?source=https://cdn.tfgmedia.co.za/13/ProductImages/59092296_01.jpg']]",Black,"['6', '7', '8', '9', '10', '11', '12', '13']"
Men's Superga Classic Canvas Lo White Shoe,130609ABHT2, R 799.95,Superga,men,"[['https://image.tfgmedia.co.za/image/1/process/259x259?source=https://cdn.tfgmedia.co.za/13/ProductImages/59092252.jpg'], ['https://image.tfgmedia.co.za/image/1/process/259x259?source=https://cdn.tfgmedia.co.za/13/ProductImages/59092252_01.jpg']]",White,"['6', '7', '8', '9', '10', '11', '12', '13']"
Men's Nike Air Max Excee Black/Brown Shoe,130609ABAD2," R 1,999.95",Nike,men,"[['https://image.tfgmedia.co.za/image/1/process/259x259?source=https://cdn.tfgmedia.co.za/13/ProductImages/57609390.jpg'], ['https://image.tfgmedia.co.za/image/1/process/259x259?source=https://cdn.tfgmedia.co.za/13/ProductImages/57609390_01.jpg']]",Black,"['6', '7', '8', '9', '10', '11', '12', '13']"
Men's Hi-Tec Flex Trail Olive/Black Shoe,130609ABIQ7, R 999.95,Hi Tec,men,"[['https://image.tfgmedia.co.za/image/1/process/259x259?source=https://cdn.tfgmedia.co.za/13/ProductImages/59158350.jpg'], []]",Olive Green,"['6', '7', '8', '9', '10', '11']"
Men's Hi-Tec Flex Trail Black/White Shoe,130609ABIR2, R 999.95,Hi Tec,men,"[['https://image.tfgmedia.co.za/image/1/process/259x259?source=https://cdn.tfgmedia.co.za/13/ProductImages/59158345.jpg'], []]",Black/White,"['6', '7', '8', '9', '10', '11']"
Men's Hi-Tec Flex Trail  Blue Stone/Blue Shoe,130609ABIQ5, R 999.95,Hi Tec,men,"[['https://image.tfgmedia.co.za/image/1/process/259x259?source=https://cdn.tfgmedia.co.za/13/ProductImages/59158346.jpg'], []]",Blue Stone,"['6', '7', '8', '9', '10', '11']"
Men's Hi-Tec Flex Trail White/Blue/Red Shoe,130609ABIQ9, R 999.95,Hi Tec,men,"[['https://image.tfgmedia.co.za/image/1/process/259x259?source=https://cdn.tfgmedia.co.za/13/ProductImages/59158349.jpg'], []]",White/Blue,"['6', '7', '8', '9', '10', '11']"
Men's Puma H.Street 20 Blue/White Shoe,130609ABCE2," R 1,299.95",Puma,men,"[['https://image.tfgmedia.co.za/image/1/process/259x259?source=https://cdn.tfgmedia.co.za/13/ProductImages/57665767.jpg'], ['https://image.tfgmedia.co.za/image/1/process/259x259?source=https://cdn.tfgmedia.co.za/13/ProductImages/57665767_01.jpg']]",Blue/White,"['6', '7', '8', '9', '10', '11', '12']"
Men's Puma Ferrari R-Cat Black/Red Shoe,130609ABBD7," R 1,499.95",Puma,men,"[['https://image.tfgmedia.co.za/image/1/process/259x259?source=https://cdn.tfgmedia.co.za/13/ProductImages/57631942.jpg'], ['https://image.tfgmedia.co.za/image/1/process/259x259?source=https://cdn.tfgmedia.co.za/13/ProductImages/57631942_01.jpg']]",Black/Red,"['6', '7', '8', '9', '10', '11', '12']"
Men's Nike Court Royale 2 Mid Black/White Shoe,130609AAUJ2," R 1,299.95",Nike,men,"[['https://image.tfgmedia.co.za/image/1/process/259x259?source=https://cdn.tfgmedia.co.za/13/ProductImages/57480859.jpg'], ['https://image.tfgmedia.co.za/image/1/process/259x259?source=https://cdn.tfgmedia.co.za/13/ProductImages/57480859_01.jpg']]",Black/White,"['6', '7', '8', '9', '10', '11', '12']"
Men's Nike Air Max Bolt White/Grey Shoe,130609ABAA5," R 1,599.95",Nike,men,"[['https://image.tfgmedia.co.za/image/1/process/259x259?source=https://cdn.tfgmedia.co.za/13/ProductImages/57608942.jpg'], ['https://image.tfgmedia.co.za/image/1/process/259x259?source=https://cdn.tfgmedia.co.za/13/ProductImages/57608942_01.jpg']]",White/Blue,"['6', '7', '8', '9', '10', '11', '12']"
Men's Nike Court Legacy White/Red Leather Shoe,130609ABAA4," R 1,199.95",Nike,men,"[['https://image.tfgmedia.co.za/image/1/process/259x259?source=https://cdn.tfgmedia.co.za/13/ProductImages/57608933.jpg'], ['https://image.tfgmedia.co.za/image/1/process/259x259?source=https://cdn.tfgmedia.co.za/13/ProductImages/57608933_01.jpg']]",White/Red,"['6', '7', '8', '9', '10', '11', '12']"
Men's Puma R78 Blue/White/Red Shoe,130609ABFY9, R 999.95,Puma,men,"[['https://image.tfgmedia.co.za/image/1/process/259x259?source=https://cdn.tfgmedia.co.za/13/ProductImages/59016900.jpg'], []]",Blue/White,"['6', '7', '8', '9', '10', '11']"
Men's Reebok Glide Black Shoe,130609ABGW0, R 999.95,Reebok,men,"[['https://image.tfgmedia.co.za/image/1/process/259x259?source=https://cdn.tfgmedia.co.za/13/ProductImages/59054831.jpg'], ['https://image.tfgmedia.co.za/image/1/process/259x259?source=https://cdn.tfgmedia.co.za/13/ProductImages/59054831_01.jpg']]",Black,"['6', '7', '8', '9', '10', '11', '12']"
Men's Puma Shuffle White/Black Shoe,130609ABGA2, R 899.95,Puma,men,"[['https://image.tfgmedia.co.za/image/1/process/259x259?source=https://cdn.tfgmedia.co.za/13/ProductImages/59017025.jpg'], ['https://image.tfgmedia.co.za/image/1/process/259x259?source=https://cdn.tfgmedia.co.za/13/ProductImages/59017025_01.jpg']]",White/Black,"['6', '7', '8', '9', '10', '11', '12']"
Men's New Balance 720 Beige/White Shoe,130609ABIG6," R 1,199.95",New Balance,men,"[['https://image.tfgmedia.co.za/image/1/process/259x259?source=https://cdn.tfgmedia.co.za/13/ProductImages/59125700.jpg'], ['https://image.tfgmedia.co.za/image/1/process/259x259?source=https://cdn.tfgmedia.co.za/13/ProductImages/59125700_01.jpg']]",Beige/White,"['6', '7', '8', '9', '10', '11']"
Men's Puma C Skate Vulcanised White/Black Shoe,130609ABFZ1, R 999.95,Puma,men,"[['https://image.tfgmedia.co.za/image/1/process/259x259?source=https://cdn.tfgmedia.co.za/13/ProductImages/59016918.jpg'], ['https://image.tfgmedia.co.za/image/1/process/259x259?source=https://cdn.tfgmedia.co.za/13/ProductImages/59016918_01.jpg']]",White/Black,"['6', '7', '8', '9', '10', '11']"
Men's Puma Smash V2 Red Shoe,130609ABFZ4, R 999.95,Puma,men,"[['https://image.tfgmedia.co.za/image/1/process/259x259?source=https://cdn.tfgmedia.co.za/13/ProductImages/59016945.jpg'], []]",Red,"['6', '7', '8', '9', '10', '11']"
Women's New Balance 720 Black/Gold Shoe,130609ABIF8," R 1,199.95",New Balance,women,"[['https://image.tfgmedia.co.za/image/1/process/259x259?source=https://cdn.tfgmedia.co.za/13/ProductImages/59122342.jpg'], ['https://image.tfgmedia.co.za/image/1/process/259x259?source=https://cdn.tfgmedia.co.za/13/ProductImages/59122342_01.jpg']]",Black/Gold,"['4', '5', '6', '7', '8']"
Women's New Balance 373 Black/Beige Shoe,130609ABIG0," R 1,199.95",New Balance,women,"[['https://image.tfgmedia.co.za/image/1/process/259x259?source=https://cdn.tfgmedia.co.za/13/ProductImages/59122588.jpg'], ['https://image.tfgmedia.co.za/image/1/process/259x259?source=https://cdn.tfgmedia.co.za/13/ProductImages/59122588_01.jpg']]",White/Gold,"['4', '5', '6', '7', '8']"
Women's New Balance 373 Pink/Grey Shoe,130609ABIG1," R 1,199.95",New Balance,women,"[['https://image.tfgmedia.co.za/image/1/process/259x259?source=https://cdn.tfgmedia.co.za/13/ProductImages/59122587.jpg'], ['https://image.tfgmedia.co.za/image/1/process/259x259?source=https://cdn.tfgmedia.co.za/13/ProductImages/59122587_01.jpg']]",White/Gold,"['4', '5', '6', '7', '8']"
Women's New Balance 720 White/Gold Shoe,130609ABIF9," R 1,199.95",New Balance,women,"[['https://image.tfgmedia.co.za/image/1/process/259x259?source=https://cdn.tfgmedia.co.za/13/ProductImages/59122341.jpg'], ['https://image.tfgmedia.co.za/image/1/process/259x259?source=https://cdn.tfgmedia.co.za/13/ProductImages/59122341_01.jpg']]",White/Gold,"['4', '5', '6', '7', '8']"
Men's Le Coq Sportif Quartz Black Shoe,130609AAZA8," R 1,399.95",Le Coq Sportif,men,"[['https://image.tfgmedia.co.za/image/1/process/259x259?source=https://cdn.tfgmedia.co.za/13/ProductImages/57595192.jpg'], ['https://image.tfgmedia.co.za/image/1/process/259x259?source=https://cdn.tfgmedia.co.za/13/ProductImages/57595192_01.jpg']]",Black,"['6', '7', '8', '9', '10', '11']"
Men's Puma Shuffle Black/White Shoe,130609ABFZ7, R 899.95,Puma,men,"[['https://image.tfgmedia.co.za/image/1/process/259x259?source=https://cdn.tfgmedia.co.za/13/ProductImages/59016972.jpg'], ['https://image.tfgmedia.co.za/image/1/process/259x259?source=https://cdn.tfgmedia.co.za/13/ProductImages/59016972_01.jpg']]",Black/White,"['6', '7', '8', '9', '10', '11']"
Men's  Nike Court Royale 2 Low Black Shoe,130609ABEV4," R 1,099.95",Nike,men,"[['https://image.tfgmedia.co.za/image/1/process/259x259?source=https://cdn.tfgmedia.co.za/13/ProductImages/58958894.jpg'], ['https://image.tfgmedia.co.za/image/1/process/259x259?source=https://cdn.tfgmedia.co.za/13/ProductImages/58958894_01.jpg']]",Black,"['6', '6.5', '7', '7.5', '8', '8.5', '9', '9.5', '10', '10.5', '11', '11.5']"
Men's Nike Air Max SE White/Blue/Grey Shoe,130609ABEV0," R 1,399.95",Nike,men,"[['https://image.tfgmedia.co.za/image/1/process/259x259?source=https://cdn.tfgmedia.co.za/13/ProductImages/58958768.jpg'], ['https://image.tfgmedia.co.za/image/1/process/259x259?source=https://cdn.tfgmedia.co.za/13/ProductImages/58958768_01.jpg']]",White/Blue,"['6', '6.5', '7', '7.5', '8', '8.5', '9', '9.5', '10', '10.5', '11', '11.5']"
Men's Puma Shuffle Perforated Black Shoe,130609ABFZ3, R 899.95,Puma,men,"[['https://image.tfgmedia.co.za/image/1/process/259x259?source=https://cdn.tfgmedia.co.za/13/ProductImages/59016936.jpg'], ['https://image.tfgmedia.co.za/image/1/process/259x259?source=https://cdn.tfgmedia.co.za/13/ProductImages/59016936_01.jpg']]",Black,"['6', '7', '8', '9', '10', '11']"
Men's Puma MAPM R-Cat White/Silver Shoe,130609ABBE0," R 1,499.95",Puma,men,"[['https://image.tfgmedia.co.za/image/1/process/259x259?source=https://cdn.tfgmedia.co.za/13/ProductImages/57631983.jpg'], ['https://image.tfgmedia.co.za/image/1/process/259x259?source=https://cdn.tfgmedia.co.za/13/ProductImages/57631983_01.jpg']]",White/Silver,"['6', '7', '8', '9', '10', '11', '12']"
Men's Puma DC Past Leisure Olive Green Shoe,130609ABBD3," R 1,199.95",Puma,men,"[['https://image.tfgmedia.co.za/image/1/process/259x259?source=https://cdn.tfgmedia.co.za/13/ProductImages/57631893.jpg'], ['https://image.tfgmedia.co.za/image/1/process/259x259?source=https://cdn.tfgmedia.co.za/13/ProductImages/57631893_01.jpg']]",Olive Green,"['6', '7', '8', '9', '10', '11', '12']"
Men's Le Coq Sportif Quartz Navy/White/Gum Shoe,130609AAZA9," R 1,399.95",Le Coq Sportif,men,"[['https://image.tfgmedia.co.za/image/1/process/259x259?source=https://cdn.tfgmedia.co.za/13/ProductImages/57595209.jpg'], []]",Navy/White,"['6', '7', '8', '9', '10', '11']"
Men's Nike Court Legacy White/Gum Shoe,130609ABEV2," R 1,199.95",Nike,men,"[['https://image.tfgmedia.co.za/image/1/process/259x259?source=https://cdn.tfgmedia.co.za/13/ProductImages/58958856.jpg'], ['https://image.tfgmedia.co.za/image/1/process/259x259?source=https://cdn.tfgmedia.co.za/13/ProductImages/58958856_01.jpg']]",White,"['6', '6.5', '7', '7.5', '8', '8.5', '9', '9.5', '10', '10.5', '11', '11.5', '12']"
Men's Puma Anzarun Lite Navy/Light Blue Shoe,130609ABCR0, R 799.95,Puma,men,"[['https://image.tfgmedia.co.za/image/1/process/259x259?source=https://cdn.tfgmedia.co.za/13/ProductImages/57694543.jpg'], []]",Navy/Blue,"['6', '7', '8', '9', '10', '11', '12']"
Men's Nike Court Royale 2 Low White/Blue Shoe,130609ABEV3, R 849.95,Nike,men,"[['https://image.tfgmedia.co.za/image/1/process/259x259?source=https://cdn.tfgmedia.co.za/13/ProductImages/58958875.jpg'], ['https://image.tfgmedia.co.za/image/1/process/259x259?source=https://cdn.tfgmedia.co.za/13/ProductImages/58958875_02.jpg']]",White/Blue,"['6', '6.5', '7', '7.5', '8', '8.5', '9', '9.5', '10', '10.5', '11', '11.5']"
Men's Nike Court Legacy Black/White Shoe,130609ABEU8," R 1,199.95",Nike,men,"[['https://image.tfgmedia.co.za/image/1/process/259x259?source=https://cdn.tfgmedia.co.za/13/ProductImages/58958632.jpg'], ['https://image.tfgmedia.co.za/image/1/process/259x259?source=https://cdn.tfgmedia.co.za/13/ProductImages/58958632_01.jpg']]",Black/White,"['6', '6.5', '7', '7.5', '8', '8.5', '9', '9.5', '10', '10.5', '11', '11.5']"
Men's Puma Backcourt Mid White/Black/Red Shoe,130609ABFU0," R 1,299.95",Puma,men,"[['https://image.tfgmedia.co.za/image/1/process/259x259?source=https://cdn.tfgmedia.co.za/13/ProductImages/59009088.jpg'], ['https://image.tfgmedia.co.za/image/1/process/259x259?source=https://cdn.tfgmedia.co.za/13/ProductImages/59009088_01.jpg']]",White/Black,"['6', '7', '8', '9', '10', '11']"
Men's Puma BMW MMS DC Future White/Black Shoe,130609ABBD5," R 1,199.95",Puma,men,"[['https://image.tfgmedia.co.za/image/1/process/259x259?source=https://cdn.tfgmedia.co.za/13/ProductImages/57631913.jpg'], ['https://image.tfgmedia.co.za/image/1/process/259x259?source=https://cdn.tfgmedia.co.za/13/ProductImages/57631913_01.jpg']]",White/Black,"['6', '7', '8', '9', '10', '11', '12']"
Men's Puma Bari Z Navy/White Shoe,130609ABFT9, R 999.95,Puma,men,"[['https://image.tfgmedia.co.za/image/1/process/259x259?source=https://cdn.tfgmedia.co.za/13/ProductImages/59009070.jpg'], ['https://image.tfgmedia.co.za/image/1/process/259x259?source=https://cdn.tfgmedia.co.za/13/ProductImages/59009070_01.jpg']]",Navy/White,"['6', '7', '8', '9', '10', '11', '12']"
Men's Reebok Rewind Run Off White/Blue/Red Shoe,130609ABBI5, R 799.95,Reebok,men,"[['https://image.tfgmedia.co.za/image/1/process/259x259?source=https://cdn.tfgmedia.co.za/13/ProductImages/57635344.jpg'], ['https://image.tfgmedia.co.za/image/1/process/259x259?source=https://cdn.tfgmedia.co.za/13/ProductImages/57635344_01.jpg']]",White/Blue,"['6', '7', '8', '9', '10', '11', '12']"
Men's Vans Ward Navy/White/Teal Shoe,130609ABBT1, R 799.95,Vans,men,"[['https://image.tfgmedia.co.za/image/1/process/259x259?source=https://cdn.tfgmedia.co.za/13/ProductImages/57649152.jpg'], []]",Navy/White,"['6', '7', '8', '9', '10', '11', '12']"
Men's Le Coq Sportif Veloce PU Grey Shoe,130609ABBO1," R 1,399.95",Le Coq Sportif,men,"[['https://image.tfgmedia.co.za/image/1/process/259x259?source=https://cdn.tfgmedia.co.za/13/ProductImages/57643544.jpg'], ['https://image.tfgmedia.co.za/image/1/process/259x259?source=https://cdn.tfgmedia.co.za/13/ProductImages/57643544_01.jpg']]",Grey,"['6', '7', '8', '9', '10', '11']"
Men's Nike Court Legacy Leather White/Red Shoe,130609ABEU7," R 1,199.95",Nike,men,"[['https://image.tfgmedia.co.za/image/1/process/259x259?source=https://cdn.tfgmedia.co.za/13/ProductImages/58958582.jpg'], ['https://image.tfgmedia.co.za/image/1/process/259x259?source=https://cdn.tfgmedia.co.za/13/ProductImages/58958582_01.jpg']]",White/Red,"['6', '6.5', '7', '7.5', '8', '8.5', '9', '9.5', '10', '10.5', '11', '11.5']"
Men's Nike Air Max SC Black/White Shoe,130609ABAC2," R 1,499.95",Nike,men,"[['https://image.tfgmedia.co.za/image/1/process/259x259?source=https://cdn.tfgmedia.co.za/13/ProductImages/57609230.jpg'], ['https://image.tfgmedia.co.za/image/1/process/259x259?source=https://cdn.tfgmedia.co.za/13/ProductImages/57609230_01.jpg']]",Black/White,"['6', '7', '8', '9', '10', '11', '12']"
Men's Reebok Royal Techqu White/Navy Shoe,130609ABBI8, R 899.95,Reebok,men,"[['https://image.tfgmedia.co.za/image/1/process/259x259?source=https://cdn.tfgmedia.co.za/13/ProductImages/57635398.jpg'], ['https://image.tfgmedia.co.za/image/1/process/259x259?source=https://cdn.tfgmedia.co.za/13/ProductImages/57635398_01.jpg']]",White/Navy,"['6', '7', '8', '9', '10', '11', '12']"
Men's Le Coq Sportif Veloce PU Olive/Brown Shoe,130609ABBO2," R 1,399.95",Le Coq Sportif,men,"[['https://image.tfgmedia.co.za/image/1/process/259x259?source=https://cdn.tfgmedia.co.za/13/ProductImages/57643669.jpg'], []]",Olive Green,"['6', '7', '8', '9', '10', '11']"
Men's Reebok Royal Turbo Black/White Shoe,130609ABGV0, R 799.95,Reebok,men,"[['https://image.tfgmedia.co.za/image/1/process/259x259?source=https://cdn.tfgmedia.co.za/13/ProductImages/59052452.jpg'], ['https://image.tfgmedia.co.za/image/1/process/259x259?source=https://cdn.tfgmedia.co.za/13/ProductImages/59052452_01.jpg']]",Black/White,"['6', '7', '8', '9', '10', '11']"
Men's Puma Bari Z Black/White Shoe,130609ABFT8, R 999.95,Puma,men,"[['https://image.tfgmedia.co.za/image/1/process/259x259?source=https://cdn.tfgmedia.co.za/13/ProductImages/59009052.jpg'], ['https://image.tfgmedia.co.za/image/1/process/259x259?source=https://cdn.tfgmedia.co.za/13/ProductImages/59009052_01.jpg']]",Black/White,"['6', '7', '8', '9', '10', '11', '12']"
Men's Le Coq Sportif Veloce PU Black/White Shoe,130609ABBO0," R 1,399.95",Le Coq Sportif,men,"[['https://image.tfgmedia.co.za/image/1/process/259x259?source=https://cdn.tfgmedia.co.za/13/ProductImages/57641978.jpg'], ['https://image.tfgmedia.co.za/image/1/process/259x259?source=https://cdn.tfgmedia.co.za/13/ProductImages/57641978_01.jpg']]",Black/White,"['6', '7', '8', '9', '10', '11']"
Men's Puma DC Past Black Shoe,130609ABGC9, R 899.95,Puma,men,"[['https://image.tfgmedia.co.za/image/1/process/259x259?source=https://cdn.tfgmedia.co.za/13/ProductImages/59023720.jpg'], ['https://image.tfgmedia.co.za/image/1/process/259x259?source=https://cdn.tfgmedia.co.za/13/ProductImages/59023720_01.jpg']]",Black,"['6', '7', '8', '9', '10', '11']"
Men's Puma BMW MMS DC Future Black/White Shoe,130609ABBD4," R 1,199.95",Puma,men,"[['https://image.tfgmedia.co.za/image/1/process/259x259?source=https://cdn.tfgmedia.co.za/13/ProductImages/57631903.jpg'], ['https://image.tfgmedia.co.za/image/1/process/259x259?source=https://cdn.tfgmedia.co.za/13/ProductImages/57631903_01.jpg']]",Black/White,"['6', '7', '8', '9', '10', '11', '12']"
Men's adidas Breaknet Black/White Shoe,130609ABBF1, R 999.95,Adidas,men,"[['https://image.tfgmedia.co.za/image/1/process/259x259?source=https://cdn.tfgmedia.co.za/13/ProductImages/57633038.jpg'], ['https://image.tfgmedia.co.za/image/1/process/259x259?source=https://cdn.tfgmedia.co.za/13/ProductImages/57633038_01.jpg']]",Black/White,"['6', '7', '8', '9', '10', '11', '12']"
Men's Puma Shuffle White/Navy Shoe,130609ABBC9, R 899.95,Puma,men,"[['https://image.tfgmedia.co.za/image/1/process/259x259?source=https://cdn.tfgmedia.co.za/13/ProductImages/57631796.jpg'], ['https://image.tfgmedia.co.za/image/1/process/259x259?source=https://cdn.tfgmedia.co.za/13/ProductImages/57631796_01.jpg']]",White/Navy,"['6', '7', '8', '9', '10', '11', '12']"
Men's Puma Shuffle Cream/Grey Shoe,130609ABBC8, R 899.95,Puma,men,"[['https://image.tfgmedia.co.za/image/1/process/259x259?source=https://cdn.tfgmedia.co.za/13/ProductImages/57631787.jpg'], []]",Cream,"['6', '7', '8', '9', '10', '11', '12']"
Men's New Balance 720 Grey/Navy Colour Block Shoe,130609ABBS7," R 1,199.95",New Balance,men,"[['https://image.tfgmedia.co.za/image/1/process/259x259?source=https://cdn.tfgmedia.co.za/13/ProductImages/57648864.jpg'], ['https://image.tfgmedia.co.za/image/1/process/259x259?source=https://cdn.tfgmedia.co.za/13/ProductImages/57648864_01.jpg']]",Grey/Blue,"['7', '8', '9', '10', '11']"
Men's New Balance 720 Red/Blue Colour Block Shoe,130609ABBS8," R 1,199.95",New Balance,men,"[['https://image.tfgmedia.co.za/image/1/process/259x259?source=https://cdn.tfgmedia.co.za/13/ProductImages/57648878.jpg'], ['https://image.tfgmedia.co.za/image/1/process/259x259?source=https://cdn.tfgmedia.co.za/13/ProductImages/57648878_01.jpg']]",Red/Blue,"['6', '7', '8', '9', '10', '11']"
Men's adidas Caflaire Black Shoe,130609ABBF4, R 749.95,Adidas,men,"[['https://image.tfgmedia.co.za/image/1/process/259x259?source=https://cdn.tfgmedia.co.za/13/ProductImages/57633137.jpg'], ['https://image.tfgmedia.co.za/image/1/process/259x259?source=https://cdn.tfgmedia.co.za/13/ProductImages/57633137_01.jpg']]",Black,"['6', '7', '8', '9', '10', '11', '12']"
Men's Puma BMW MMS R-Cat Black Shoe,130609ABBD6," R 1,499.95",Puma,men,"[['https://image.tfgmedia.co.za/image/1/process/259x259?source=https://cdn.tfgmedia.co.za/13/ProductImages/57631928.jpg'], ['https://image.tfgmedia.co.za/image/1/process/259x259?source=https://cdn.tfgmedia.co.za/13/ProductImages/57631928_01.jpg']]",White/Black,"['6', '7', '8', '9', '10', '11', '12']"
Men's adidas Courtmaster Black/Stone Shoe,130609ABBH1, R 999.95,Adidas,men,"[['https://image.tfgmedia.co.za/image/1/process/259x259?source=https://cdn.tfgmedia.co.za/13/ProductImages/57634626.jpg'], ['https://image.tfgmedia.co.za/image/1/process/259x259?source=https://cdn.tfgmedia.co.za/13/ProductImages/57634626_01.jpg']]",Black/Natural,"['6', '7', '8', '9', '10', '11', '12']"
Men's Puma Ferrari R-Cat Red/Black Shoe,130609ABBD8," R 1,199.95",Puma,men,"[['https://image.tfgmedia.co.za/image/1/process/259x259?source=https://cdn.tfgmedia.co.za/13/ProductImages/57631951.jpg'], ['https://image.tfgmedia.co.za/image/1/process/259x259?source=https://cdn.tfgmedia.co.za/13/ProductImages/57631951_01.jpg']]",Red/Black,"['6', '7', '8', '9', '10', '11']"
Men's Puma Mercedes R-Cat Black/Green Shoe,130609ABBD9," R 1,499.95",Puma,men,"[['https://image.tfgmedia.co.za/image/1/process/259x259?source=https://cdn.tfgmedia.co.za/13/ProductImages/57631960.jpg'], ['https://image.tfgmedia.co.za/image/1/process/259x259?source=https://cdn.tfgmedia.co.za/13/ProductImages/57631960_01.jpg']]",Black/Green,"['6', '7', '8', '9', '10', '11', '12']"
Men's Le Coq Sportif Provencale Low Craft Pu Brown/Gum Shoe,130609ABBN9," R 1,399.95",Le Coq Sportif,men,"[['https://image.tfgmedia.co.za/image/1/process/259x259?source=https://cdn.tfgmedia.co.za/13/ProductImages/57637723.jpg'], []]",Brown,"['6', '7', '8', '9', '10', '11']"
Men's Reebok Royal Glide Black Shoe,130609ABBI7, R 999.95,Reebok,men,"[['https://image.tfgmedia.co.za/image/1/process/259x259?source=https://cdn.tfgmedia.co.za/13/ProductImages/57635362.jpg'], ['https://image.tfgmedia.co.za/image/1/process/259x259?source=https://cdn.tfgmedia.co.za/13/ProductImages/57635362_01.jpg']]",Black,"['6', '7', '8', '9', '10', '11', '12']"
Men's Nike Court Royale 2 Mid Black/Royal Shoe,130609AAWP6, R 999.95,Nike,men,"[['https://image.tfgmedia.co.za/image/1/process/259x259?source=https://cdn.tfgmedia.co.za/13/ProductImages/57541922.jpg'], ['https://image.tfgmedia.co.za/image/1/process/259x259?source=https://cdn.tfgmedia.co.za/13/ProductImages/57541922_01.jpg']]",Black/Blue,"['6', '7', '8', '9', '10', '11', '12']"
Men's Nike SB Charge Suede Olive Green Shoe,130609AAWQ4, R 879.95,Nike,men,"[['https://image.tfgmedia.co.za/image/1/process/259x259?source=https://cdn.tfgmedia.co.za/13/ProductImages/57542170.jpg'], ['https://image.tfgmedia.co.za/image/1/process/259x259?source=https://cdn.tfgmedia.co.za/13/ProductImages/57542170_01.jpg']]",Olive Green,"['6', '7', '8', '9', '10', '11', '12']"
Men's Puma Smash Buck v2 Black/Grey Shoe,130609ABBD0, R 899.95,Puma,men,"[['https://image.tfgmedia.co.za/image/1/process/259x259?source=https://cdn.tfgmedia.co.za/13/ProductImages/57631805.jpg'], []]",Black/Grey,"['6', '7', '8', '9', '10', '11', '12']"
Men's Puma Basket SL Brown Shoe,130609AAVX6, R 639.95,Puma,men,"[['https://image.tfgmedia.co.za/image/1/process/259x259?source=https://cdn.tfgmedia.co.za/13/ProductImages/57526680.jpg'], []]",Light Brown,"['6', '7', '8', '9', '10', '11']"
Men's Le Coq Sportif Saint Cottreau Canvas Navy Shoe,130609AAXO0, R 499.95,Le Coq Sportif,men,"[['https://image.tfgmedia.co.za/image/1/process/259x259?source=https://cdn.tfgmedia.co.za/13/ProductImages/57562005.jpg'], []]",Navy,"['7', '8', '9', '10', '11']"
Men's adidas Breaknet Plus Black/Multi Shoe,130609ABBF3, R 769.95,Adidas,men,"[['https://image.tfgmedia.co.za/image/1/process/259x259?source=https://cdn.tfgmedia.co.za/13/ProductImages/57633119.jpg'], ['https://image.tfgmedia.co.za/image/1/process/259x259?source=https://cdn.tfgmedia.co.za/13/ProductImages/57633119_01.jpg']]",Black,"['6', '7', '8', '9', '10', '11', '12']"
Men's Puma Anzarun Lite Black/Grey Shoe,130609ABCQ5, R 799.95,Puma,men,"[['https://image.tfgmedia.co.za/image/1/process/259x259?source=https://cdn.tfgmedia.co.za/13/ProductImages/57694460.jpg'], []]",Black/Grey,"['7', '8', '9', '10', '11', '12', '13']"
Men's Puma C-Skate Navy/White Shoe,130609ABEB1, R 999.95,Puma,men,"[['https://image.tfgmedia.co.za/image/1/process/259x259?source=https://cdn.tfgmedia.co.za/13/ProductImages/57756704.jpg'], ['https://image.tfgmedia.co.za/image/1/process/259x259?source=https://cdn.tfgmedia.co.za/13/ProductImages/57756704_01.jpg']]",Navy/White,"['6', '7', '8', '9', '10', '11', '12']"
Men's Le Coq Sportif Provencale II Low Suede Olive Shoe,130609AAXN8," R 1,279.95",Le Coq Sportif,men,"[['https://image.tfgmedia.co.za/image/1/process/259x259?source=https://cdn.tfgmedia.co.za/13/ProductImages/57561987.jpg'], []]",Khaki,"['6', '7', '8', '9', '10', '11']"
Men's Reebok Royal Glide  White/Navy Shoe,130609ABBI6, R 999.95,Reebok,men,"[['https://image.tfgmedia.co.za/image/1/process/259x259?source=https://cdn.tfgmedia.co.za/13/ProductImages/57635353.jpg'], ['https://image.tfgmedia.co.za/image/1/process/259x259?source=https://cdn.tfgmedia.co.za/13/ProductImages/57635353_01.jpg']]",White/Navy,"['6', '7', '8', '9', '10', '11', '12']"
Men's Nike Court Royale 2 Low Black/White Shoe,130609AAUJ1, R 879.95,Nike,men,"[['https://image.tfgmedia.co.za/image/1/process/259x259?source=https://cdn.tfgmedia.co.za/13/ProductImages/57480850.jpg'], ['https://image.tfgmedia.co.za/image/1/process/259x259?source=https://cdn.tfgmedia.co.za/13/ProductImages/57480850_01.jpg']]",Black/White,"['6', '7', '8', '9', '10', '11']"
Men's Vans Seldan Black Shoe,130609AAYJ7, R 699.95,Vans,men,"[['https://image.tfgmedia.co.za/image/1/process/259x259?source=https://cdn.tfgmedia.co.za/13/ProductImages/57579131.jpg'], []]",Black,"['7', '8', '9', '10', '11']"
Men's Nike Court Vision Lo White/Gum Shoe,130609AAYN5, R 959.95,Nike,men,"[['https://image.tfgmedia.co.za/image/1/process/259x259?source=https://cdn.tfgmedia.co.za/13/ProductImages/57580846.jpg'], ['https://image.tfgmedia.co.za/image/1/process/259x259?source=https://cdn.tfgmedia.co.za/13/ProductImages/57580846_01.jpg']]",White,"['6', '7', '8', '8.5', '9', '10', '11']"
Men's Nike Court Vision Lo Black/Black Shoe,130609AAVJ7," R 1,199.95",Nike,men,"[['https://image.tfgmedia.co.za/image/1/process/259x259?source=https://cdn.tfgmedia.co.za/13/ProductImages/57506637.jpg'], ['https://image.tfgmedia.co.za/image/1/process/259x259?source=https://cdn.tfgmedia.co.za/13/ProductImages/57506637_01.jpg']]",Black,"['6', '7', '8', '9', '10', '11', '12']"
Men's Puma C-Skate Black Shoe,130609AAVV7, R 999.95,Puma,men,"[['https://image.tfgmedia.co.za/image/1/process/259x259?source=https://cdn.tfgmedia.co.za/13/ProductImages/57517528.jpg'], ['https://image.tfgmedia.co.za/image/1/process/259x259?source=https://cdn.tfgmedia.co.za/13/ProductImages/57517528_01.jpg']]",Black,"['7', '8', '9', '10', '11']"
Men's Converse All Star Mono Leather White Shoe,130609AAYY8, R 549.95,Converse,men,"[['https://image.tfgmedia.co.za/image/1/process/259x259?source=https://cdn.tfgmedia.co.za/13/ProductImages/57591649.jpg'], ['https://image.tfgmedia.co.za/image/1/process/259x259?source=https://cdn.tfgmedia.co.za/13/ProductImages/57591649_01.jpg']]",White,"['6', '7', '8', '9', '10', '11']"
Men's Converse CTAS High Street HI Black Shoe,130609AAYY9, R 549.95,Converse,men,"[['https://image.tfgmedia.co.za/image/1/process/259x259?source=https://cdn.tfgmedia.co.za/13/ProductImages/57591658.jpg'], []]",Black/White,"['7', '8', '9', '10', '11', '12']"
Men's Puma C-Skate Black/White Shoe,130609AAYW4, R 799.95,Puma,men,"[['https://image.tfgmedia.co.za/image/1/process/259x259?source=https://cdn.tfgmedia.co.za/13/ProductImages/57588690.jpg'], ['https://image.tfgmedia.co.za/image/1/process/259x259?source=https://cdn.tfgmedia.co.za/13/ProductImages/57588690_01.jpg']]",Black/White,"['7', '8', '9', '10', '11']"
Men's Reebok Royal Glide White/Royal/Red Shoe,130609AAVU5, R 799.95,Reebok,men,"[['https://image.tfgmedia.co.za/image/1/process/259x259?source=https://cdn.tfgmedia.co.za/13/ProductImages/57515808.jpg'], ['https://image.tfgmedia.co.za/image/1/process/259x259?source=https://cdn.tfgmedia.co.za/13/ProductImages/57515808_01.jpg']]",White/Blue,"['6', '7', '8', '9', '10', '11']"
Men's adidas VS Pace Grey/Black Shoe,130609AAXJ1, R 899.95,Adidas,men,"[['https://image.tfgmedia.co.za/image/1/process/259x259?source=https://cdn.tfgmedia.co.za/13/ProductImages/57556249.jpg'], ['https://image.tfgmedia.co.za/image/1/process/259x259?source=https://cdn.tfgmedia.co.za/13/ProductImages/57556249_01.jpg']]",Grey/Black,"['6', '7', '8', '9', '10', '11', '12']"
Men's Le Coq Sportif Provencale Low Craft PU White/Blue Shoe,130609AAWV6," R 1,399.95",Le Coq Sportif,men,"[['https://image.tfgmedia.co.za/image/1/process/259x259?source=https://cdn.tfgmedia.co.za/13/ProductImages/57546420.jpg'], []]",White/Blue,"['6', '7', '8', '9', '10', '11']"
Men's Reebok Royal Glide Ripple Black Shoe,130609AAPA3, R 749.95,Reebok,men,"[['https://image.tfgmedia.co.za/image/1/process/259x259?source=https://cdn.tfgmedia.co.za/13/ProductImages/57291106.jpg'], ['https://image.tfgmedia.co.za/image/1/process/259x259?source=https://cdn.tfgmedia.co.za/13/ProductImages/57291106_01.jpg']]",Black,"['6', '7', '8', '9', '10', '11', '12']"
Men's Vans Ward Black/White/Gum Shoe,130609AALI2, R 799.95,Vans,men,"[['https://image.tfgmedia.co.za/image/1/process/259x259?source=https://cdn.tfgmedia.co.za/13/ProductImages/57198693.jpg'], []]",Black/White,"['6', '7', '8', '9', '10', '11', '12']"
Men's Le Coq Sportif Provencale Low Navy Shoe,130609AAPG7," R 1,399.95",Le Coq Sportif,men,"[['https://image.tfgmedia.co.za/image/1/process/259x259?source=https://cdn.tfgmedia.co.za/13/ProductImages/57297692.jpg'], []]",Navy,"['6', '7', '8', '9', '10', '11']"
Men's Puma Drift Cat 5 Navy Shoe,130609AAOK0, R 649.95,Puma,men,"[['https://image.tfgmedia.co.za/image/1/process/259x259?source=https://cdn.tfgmedia.co.za/13/ProductImages/57282887.jpg'], ['https://image.tfgmedia.co.za/image/1/process/259x259?source=https://cdn.tfgmedia.co.za/13/ProductImages/57282887_01.jpg']]",Navy,"['7', '8', '9', '10', '11']"
Men's Puma Drift Cat 5 Black Shoe,130609AAOJ9, R 999.95,Puma,men,"[['https://image.tfgmedia.co.za/image/1/process/259x259?source=https://cdn.tfgmedia.co.za/13/ProductImages/57282878.jpg'], ['https://image.tfgmedia.co.za/image/1/process/259x259?source=https://cdn.tfgmedia.co.za/13/ProductImages/57282878_01.jpg']]",Black,"['6', '7', '8', '9', '10', '11', '12']"
Men's Le Coq Sportif Provencale II Low Craft Pu Khaki/Gum Shoe,130609AAOZ8," R 1,399.95",Le Coq Sportif,men,"[['https://image.tfgmedia.co.za/image/1/process/259x259?source=https://cdn.tfgmedia.co.za/13/ProductImages/57290930.jpg'], []]",Khaki,"['6', '7', '8', '9', '10', '11']"
Men's Le Coq Sportif Provencale Low Craft PU Black Shoe,130609AAPG6," R 1,399.95",Le Coq Sportif,men,"[['https://image.tfgmedia.co.za/image/1/process/259x259?source=https://cdn.tfgmedia.co.za/13/ProductImages/57297683.jpg'], []]",Black,"['6', '7', '8', '9', '10', '11', '12']"
Men's Nike Court Vision Low White Shoe,130609AAKE8," R 1,199.95",Nike,men,"[['https://image.tfgmedia.co.za/image/1/process/259x259?source=https://cdn.tfgmedia.co.za/13/ProductImages/57173849.jpg'], ['https://image.tfgmedia.co.za/image/1/process/259x259?source=https://cdn.tfgmedia.co.za/13/ProductImages/57173849_01.jpg']]",White,"['7', '8', '9', '10', '11', '12']"
Men's Nike Manoa Leather Mid Boot,130609AAKF2," R 1,899.95",Nike,men,"[['https://image.tfgmedia.co.za/image/1/process/259x259?source=https://cdn.tfgmedia.co.za/13/ProductImages/57173891.jpg'], ['https://image.tfgmedia.co.za/image/1/process/259x259?source=https://cdn.tfgmedia.co.za/13/ProductImages/57173891_01.jpg']]",Tan,"['7', '8', '9', '10', '11']"
Men's Vans Doheny Black Shoe,130609AALH4, R 749.95,Vans,men,"[['https://image.tfgmedia.co.za/image/1/process/259x259?source=https://cdn.tfgmedia.co.za/13/ProductImages/57198618.jpg'], []]",Black,"['6', '7', '8', '9', '10', '11', '12']"
Men's Reebok Royal Glide Ripple Clip White Shoe,139244AAFV9, R 999.95,Reebok,men,"[['https://image.tfgmedia.co.za/image/1/process/259x259?source=https://cdn.tfgmedia.co.za/13/ProductImages/31664041.jpg'], ['https://image.tfgmedia.co.za/image/1/process/259x259?source=https://cdn.tfgmedia.co.za/13/ProductImages/31664041_01.jpg']]",White,"['6', '7', '8', '9', '10', '11', '12']"
Men's Converse All Star Hi Navy Shoe,139273AAAA5, R 799.95,Converse,men,"[['https://image.tfgmedia.co.za/image/1/process/259x259?source=https://cdn.tfgmedia.co.za/13/ProductImages/31614799.jpg'], ['https://image.tfgmedia.co.za/image/1/process/259x259?source=https://cdn.tfgmedia.co.za/13/ProductImages/31614799_01.jpg']]",Navy,"['7', '8', '9', '10', '11', '12']"
Men's Converse All Star Low Navy Shoe,139273AAAA6, R 749.95,Converse,men,"[['https://image.tfgmedia.co.za/image/1/process/259x259?source=https://cdn.tfgmedia.co.za/13/ProductImages/31614808.jpg'], ['https://image.tfgmedia.co.za/image/1/process/259x259?source=https://cdn.tfgmedia.co.za/13/ProductImages/31614808_01.jpg']]",Navy,"['6', '7', '8', '9', '10', '11', '12']"
Men's Converse All Star Lo Shoe,139244AAEP6, R 749.95,Converse,men,"[['https://image.tfgmedia.co.za/image/1/process/259x259?source=https://cdn.tfgmedia.co.za/13/ProductImages/31507870.jpg'], ['https://image.tfgmedia.co.za/image/1/process/259x259?source=https://cdn.tfgmedia.co.za/13/ProductImages/31507870_01.jpg']]",White,"['6', '7', '8', '9', '10', '11', '12']"
Men's Converse All Star Low Lifestyle Shoe,139244AAAX9, R 749.95,Converse,men,"[['https://image.tfgmedia.co.za/image/1/process/259x259?source=https://cdn.tfgmedia.co.za/13/ProductImages/31201198.jpg'], ['https://image.tfgmedia.co.za/image/1/process/259x259?source=https://cdn.tfgmedia.co.za/13/ProductImages/31201198_01.jpg']]",Black/White,"['6', '7', '8', '9', '10', '11', '12']"
Men's Converse All Star Hi Lifestyle Shoe,139244AAAY2, R 849.95,Converse,men,"[['https://image.tfgmedia.co.za/image/1/process/259x259?source=https://cdn.tfgmedia.co.za/13/ProductImages/31314316.jpg', 'https://image.tfgmedia.co.za/image/1/process/259x259?source=https://cdn.tfgmedia.co.za/13/ProductImages/31417997.jpg'], ['https://image.tfgmedia.co.za/image/1/process/259x259?source=https://cdn.tfgmedia.co.za/13/ProductImages/31417997_01.jpg']]",Black/White,"['6', '7', '8', '9', '10', '11', '12']"
